Workbook

Sheet 摘要統計
A1: 新竹縣地方創生通過案件全量統計
A3: 統計項目 | B3: 數值 | C3: 口徑 | E3: 排名 | F3: 類型 | G3: 有效案件數 | H3: 補助/獎勵金額合計
A4: 全量案件數 | B4: =COUNTA(全量案件明細!C2:C32) -> 31 | C4: 含核定後撤案、上限估算與提案書金額 | E4: =ROW()-3 -> 1 | F4: 獎勵青年投入地方創生 | G4: 11 | H4: 3650000
A5: 有效案件數 | B5: =COUNTIF(全量案件明細!N2:N32,"是") -> 30 | C5: 排除已撤案案件 | E5: =ROW()-3 -> 2 | F5: 青年培力工作站 | G5: 11 | H5: 33000000
A6: 鄉鎮覆蓋數 | B6: 13 | C6: 依有效案件統計 | E6: =ROW()-3 -> 3 | F6: 鄉鎮公所提案 | G6: 3 | H6: 90611245
A7: 計畫類型數 | B7: 6 | C7: 依有效案件統計 | E7: =ROW()-3 -> 4 | F7: 利他行動168 | G7: 2 | H7: 1360000
A8: 有效案件補助/獎勵金額合計 | B8: =SUMIF(全量案件明細!N2:N32,"是",全量案件明細!I2:I32) -> 144456195 | C8: I欄加總，含利他168上限估算 | E8: =ROW()-3 -> 5 | F8: 多元徵件/會報工作會議 | G8: 2 | H8: 12799290
A9: 嚴格核定補助/獎勵金額合計 | B9: =SUMIFS(全量案件明細!I2:I32,全量案件明細!N2:N32,"是",全量案件明細!O2:O32,"是") -> 126552950 | C9: 排除上限估算、排除提案書未公開核定者 | E9: =ROW()-3 -> 6 | F9: 公有空間活化 | G9: 1 | H9: 3035660
A10: 有效案件提案/核定總經費合計 | B10: =SUMIF(全量案件明細!N2:N32,"是",全量案件明細!L2:L32) -> 192456946 | C10: L欄加總，含鄉鎮提案總經費
A11: 撤案案件數 | B11: =COUNTIF(全量案件明細!N2:N32,"否") -> 1 | C11: 狀態含撤案
A12: 上限估算案件數 | B12: =COUNTIFS(全量案件明細!E2:E32,"利他行動168",全量案件明細!N2:N32,"是") -> 2 | C12: 納入嚴格核定統計=否且非提案書未公開核定
A13: 需續查核定公文案件數 | B13: =COUNTIFS(全量案件明細!N2:N32,"是",全量案件明細!O2:O32,"否") -> 3 | C13: 嚴格統計=否

Sheet 全量案件明細
A1: 年度 | B1: 原年度/版本註記 | C1: 案件名稱 | D1: 鄉鎮 | E1: 計畫類型 | F1: 子類型/批次 | G1: 申請/執行單位 | H1: 狀態 | I1: 補助/獎勵金額 | J1: 地方自籌 | K1: 民間投資/自籌 | L1: 提案/核定總經費 | M1: 金額口徑 | N1: 納入有效統計 | O1: 納入嚴格核定統計 | P1: 查核依據 | Q1: 來源
A2: 109 | B2: 原表列112；公開資料為109年第14次工作會議 | C2: 新竹縣峨眉鄉地方創生計畫 | D2: 峨眉鄉 | E2: 鄉鎮公所提案 | F2: 行政院地方創生會報工作會議 | G2: 峨眉鄉公所 | H2: 通過/公開列示 | I2: 68208000 | J2: 5000000 | K2: 36192000 | L2: 109400000 | M2: 公開推估/媒合經費；地方自籌為近500萬元 | N2: 是 | O2: 是 | P2: 縣府新聞列中央部會經費6820.8萬元、民間投資3619.2萬元、地方自籌近500萬元；國發會第14次工作會議資料。 | Q2: 新竹縣府新聞；國發會新聞稿；https://information.hsinchu.gov.tw/News_Content.aspx?n=2203&s=225153；https://www.ndc.gov.tw/nc_8456_33731
A3: 109 | B3: 原表列112；公開PDF為經費需求表 | C3: 新竹縣寶山鄉地方創生計畫 | D3: 寶山鄉 | E3: 鄉鎮公所提案 | F3: 行政院地方創生會報工作會議 | G3: 寶山鄉公所 | H3: 通過/公開列示 | I3: 5860000 | J3: 0 | K3: 3000000 | L3: 8860000 | M3: 公開經費需求表 | N3: 是 | O3: 是 | P3: 公開PDF列總經費需求886萬元、中央經費586萬元、民間投資300萬元。 | Q3: 新竹縣府公開PDF；https://ws.hsinchu.gov.tw/Download.ashx?n=5a%2B25bGx6YSJ57aT6LK76ZyA5rGC6KGoLnBkZg%3D%3D&u=LzAwMS9VcGxvYWQvMTQvcmVsZmlsZS85NDk5LzIyOTQ1MC8yYjljMDgyNy0yYTFhLTQ0Y2MtYjYyNS1hNThkOWU4NzNhMTMucGRm
A4: 110 | C4: 森林循環湖口創生地方創生青年培力工作站 | D4: 湖口鄉 | E4: 青年培力工作站 | F4: 110年度核定 | G4: 森林循環碳經濟創生有限公司/REWOOD團隊 | H4: 核定 | I4: 3000000 | J4: 0 | K4: 0 | L4: 3000000 | M4: 核定經費 | N4: 是 | O4: 是 | P4: 縣府專頁列新竹縣110年獲核定3處青年培力工作站，各站核定經費300萬元。 | Q4: 新竹縣地方創生專頁；https://www.hsinchu.gov.tw/News_Content.aspx?n=148&s=201112
A5: 110 | C5: 共下歇 關西築新城 | D5: 關西鎮 | E5: 青年培力工作站 | F5: 110年度核定 | G5: 關西地方創生青年培力團隊 | H5: 核定 | I5: 3000000 | J5: 0 | K5: 0 | L5: 3000000 | M5: 核定經費 | N5: 是 | O5: 是 | P5: 地創團隊資料庫列110年度青年培力工作站；縣府專頁列每站300萬元。 | Q5: /Users/junghanchiu/2026 Data base/知識庫/地方創生資料庫/地創團隊/地創團隊完整資料庫.csv；https://www.hsinchu.gov.tw/News_Content.aspx?n=148&s=201112
A6: 110 | C6: 共享峨眉-創生系統建構計畫 | D6: 峨眉鄉 | E6: 青年培力工作站 | F6: 110年度核定 | G6: 竹縣文創藝術觀光發展協會 | H6: 核定 | I6: 3000000 | J6: 0 | K6: 0 | L6: 3000000 | M6: 核定經費 | N6: 是 | O6: 是 | P6: 地創團隊資料庫列110年度青年培力工作站；縣府專頁列每站300萬元。 | Q6: /Users/junghanchiu/2026 Data base/知識庫/地方創生資料庫/地創團隊/地創團隊完整資料庫.csv；https://www.hsinchu.gov.tw/News_Content.aspx?n=148&s=201112
A7: 110 | C7: 「青年入庄來翻轉」新庄子公有市場2樓基地活化計畫 | D7: 新豐鄉 | E7: 公有空間活化 | F7: 地方創生公有建築空間整備活化補助 | G7: 新豐鄉公所 | H7: 核定 | I7: 3035660 | J7: 0 | K7: 0 | L7: 3035660 | M7: 國發會核定補助總經費 | N7: 是 | O7: 是 | P7: 縣府專頁列110年國發會核定補助總經費303萬5,660元。 | Q7: 新竹縣地方創生專頁；https://www.hsinchu.gov.tw/News_Content.aspx?n=148&s=201112
A8: 112 | C8: 行動原香、地方飄鄉 | D8: 竹東鎮 | E8: 獎勵青年投入地方創生 | F8: 112年度青年行動計畫 | G8: 青年團隊 | H8: 入選/獎勵 | I8: 300000 | J8: 0 | K8: 0 | L8: 300000 | M8: 制度獎勵金；112年度每案30萬元 | N8: 是 | O8: 是 | P8: 地創團隊資料庫列112年度入選；112年度青年行動計畫獎勵金每案30萬元。 | Q8: /Users/junghanchiu/2026 Data base/知識庫/地方創生資料庫/地創團隊/地創團隊完整資料庫.csv
A9: 112 | C9: 芎林故事轉譯站 | D9: 芎林鄉 | E9: 獎勵青年投入地方創生 | F9: 112年度青年行動計畫 | G9: 青年團隊 | H9: 入選/獎勵 | I9: 300000 | J9: 0 | K9: 0 | L9: 300000 | M9: 制度獎勵金；112年度每案30萬元 | N9: 是 | O9: 是 | P9: 地創團隊資料庫列112年度入選。 | Q9: /Users/junghanchiu/2026 Data base/知識庫/地方創生資料庫/地創團隊/地創團隊完整資料庫.csv
A10: 112 | C10: 歸日作粄橫生趣 | D10: 橫山鄉 | E10: 獎勵青年投入地方創生 | F10: 112年度青年行動計畫 | G10: 青年團隊 | H10: 入選/獎勵 | I10: 300000 | J10: 0 | K10: 0 | L10: 300000 | M10: 制度獎勵金；112年度每案30萬元 | N10: 是 | O10: 是 | P10: 地創團隊資料庫列112年度入選。 | Q10: /Users/junghanchiu/2026 Data base/知識庫/地方創生資料庫/地創團隊/地創團隊完整資料庫.csv
A11: 112 | C11: 客家民族植物體驗遊程 | D11: 竹北市 | E11: 獎勵青年投入地方創生 | F11: 112年度青年行動計畫 | G11: 青年團隊 | H11: 入選/獎勵 | I11: 300000 | J11: 0 | K11: 0 | L11: 300000 | M11: 制度獎勵金；112年度每案30萬元 | N11: 是 | O11: 是 | P11: 地創團隊資料庫列112年度入選。 | Q11: /Users/junghanchiu/2026 Data base/知識庫/地方創生資料庫/地創團隊/地創團隊完整資料庫.csv
A12: 112 | C12: 竹現靚行式．NeWow藝聚場-新竹縣創『客』基地 | D12: 竹北市 | E12: 公有空間活化 | F12: 地方創生公有建築空間整備活化補助 | G12: 新竹縣政府文化局 | H12: 核定後撤案 | I12: 2130000 | J12: 540000 | K12: 0 | L12: 2670000 | M12: 核定金額；後續撤案 | N12: 否 | O12: 是 | P12: 縣府專頁列112年度核定總經費267萬元、國發會213萬元、文化局配合款54萬元，後續撤案。 | Q12: 新竹縣地方創生專頁；https://www.hsinchu.gov.tw/News_Content.aspx?n=148&s=201112
A13: 113 | C13: 森林循環湖口創生 | D13: 湖口鄉 | E13: 青年培力工作站 | F13: 113年度核定 | G13: 森林循環碳經濟創生有限公司 | H13: 核定 | I13: 3000000 | J13: 0 | K13: 0 | L13: 3000000 | M13: 核定經費；每站原則300萬元 | N13: 是 | O13: 是 | P13: 地創團隊資料庫列113年度青年培力工作站；公開資料列每站原則300萬元。 | Q13: /Users/junghanchiu/2026 Data base/知識庫/地方創生資料庫/地創團隊/地創團隊完整資料庫.csv
A14: 113 | B14: API鄉鎮欄曾列北埔；依大山背場域修正為橫山鄉 | C14: 大山橙黃橘綠時 | D14: 橫山鄉 | E14: 青年培力工作站 | F14: 113年度核定 | G14: 大山北月 | H14: 核定 | I14: 3000000 | J14: 0 | K14: 0 | L14: 3000000 | M14: 核定經費；每站原則300萬元 | N14: 是 | O14: 是 | P14: 地創團隊資料庫列113年度青年培力工作站；描述場域為橫山鄉大山背。 | Q14: /Users/junghanchiu/2026 Data base/知識庫/地方創生資料庫/地創團隊/地創團隊完整資料庫.csv
A15: 113 | C15: 鹿寮坑溪青培工作站 | D15: 芎林鄉 | E15: 青年培力工作站 | F15: 113年度核定 | G15: 石竹創意工作室有限公司/鹿寮坑團隊 | H15: 核定 | I15: 3000000 | J15: 0 | K15: 0 | L15: 3000000 | M15: 核定經費；每站原則300萬元 | N15: 是 | O15: 是 | P15: 地創團隊資料庫列113年度青年培力工作站；專案筆記提示鹿寮坑行政區以芎林鄉為準。 | Q15: /Users/junghanchiu/2026 Data base/知識庫/地方創生資料庫/地創團隊/地創團隊完整資料庫.csv；/Users/junghanchiu/2026 Data base/專案庫/北部辦公室/專案-115年度新竹縣地方創生輔導案.md
A16: 113 | B16: 延續補助，與110年度同團隊獨立計算 | C16: 共下歇青年工作站 | D16: 關西鎮 | E16: 青年培力工作站 | F16: 113年度延續補助 | G16: 關西地方創生青年培力團隊 | H16: 核定/延續 | I16: 3000000 | J16: 0 | K16: 0 | L16: 3000000 | M16: 核定經費；延續補助每站原則300萬元 | N16: 是 | O16: 是 | P16: 公開資料列113年度延續補助地方創生青年培力工作站。 | Q16: 國發會/公開核定名單
A17: 113 | C17: 新·新埔 故事手札 | D17: 新埔鎮 | E17: 獎勵青年投入地方創生 | F17: 113年度青年行動計畫 | G17: 青年團隊 | H17: 入選/獎勵 | I17: 350000 | J17: 0 | K17: 0 | L17: 350000 | M17: 制度獎勵金；113年度起每案35萬元 | N17: 是 | O17: 是 | P17: 地創團隊資料庫列113年度入選；公開資料列113年度獎勵金每隊35萬元。 | Q17: /Users/junghanchiu/2026 Data base/知識庫/地方創生資料庫/地創團隊/地創團隊完整資料庫.csv
A18: 113 | C18: 『漬』在一起吃 | D18: 橫山鄉 | E18: 獎勵青年投入地方創生 | F18: 113年度青年行動計畫 | G18: 青年團隊 | H18: 入選/獎勵 | I18: 350000 | J18: 0 | K18: 0 | L18: 350000 | M18: 制度獎勵金；113年度起每案35萬元 | N18: 是 | O18: 是 | P18: 地創團隊資料庫列113年度入選。 | Q18: /Users/junghanchiu/2026 Data base/知識庫/地方創生資料庫/地創團隊/地創團隊完整資料庫.csv
A19: 113 | C19: 留夏海田 野食趣 | D19: 竹北市 | E19: 獎勵青年投入地方創生 | F19: 113年度青年行動計畫 | G19: 青年團隊 | H19: 入選/獎勵 | I19: 350000 | J19: 0 | K19: 0 | L19: 350000 | M19: 制度獎勵金；113年度起每案35萬元 | N19: 是 | O19: 是 | P19: 地創團隊資料庫列113年度入選。 | Q19: /Users/junghanchiu/2026 Data base/知識庫/地方創生資料庫/地創團隊/地創團隊完整資料庫.csv
A20: 114 | C20: 新·新埔 後生聚 | D20: 新埔鎮 | E20: 青年培力工作站 | F20: 114年度核定 | G20: 新埔地方創生青年培力團隊 | H20: 核定 | I20: 3000000 | J20: 0 | K20: 0 | L20: 3000000 | M20: 核定經費；每站300萬元 | N20: 是 | O20: 是 | P20: 地創團隊資料庫列114年度青年培力工作站；公開資料列核定金額300萬元。 | Q20: /Users/junghanchiu/2026 Data base/知識庫/地方創生資料庫/地創團隊/地創團隊完整資料庫.csv
A21: 114 | B21: 延續補助，與113年度鹿寮坑溪青培工作站獨立計算 | C21: 鹿寮坑溪青培工作站 | D21: 芎林鄉 | E21: 青年培力工作站 | F21: 114年度延續補助 | G21: 石竹創意工作室有限公司 | H21: 核定/延續 | I21: 3000000 | J21: 0 | K21: 0 | L21: 3000000 | M21: 核定經費；延續補助300萬元 | N21: 是 | O21: 是 | P21: 公開資料列114年度延續補助地方創生青年培力工作站鹿寮坑案。 | Q21: 國發會/公開核定名單
A22: 114 | C22: 鹿寮坑製造˙里山工坊 | D22: 芎林鄉 | E22: 獎勵青年投入地方創生 | F22: 114年度青年行動計畫 | G22: 青年團隊 | H22: 入選/獎勵 | I22: 350000 | J22: 0 | K22: 0 | L22: 350000 | M22: 制度獎勵金；每案35萬元 | N22: 是 | O22: 是 | P22: 地創團隊資料庫列114年度入選；公開資料列青年行動計畫每隊35萬元。 | Q22: /Users/junghanchiu/2026 Data base/知識庫/地方創生資料庫/地創團隊/地創團隊完整資料庫.csv
A23: 114 | C23: 新竹縣峨眉鄉「時光村生態產業升級計畫」 | D23: 峨眉鄉 | E23: 多元徵件/會報工作會議 | F23: 第46次工作會議 | G23: 峨眉地方創生團隊 | H23: 通過會報 | I23: 5456290 | J23: 0 | K23: 0 | L23: 5456290 | M23: 會報列示中央補助/匡列上限；非完整總經費 | N23: 是 | O23: 是 | P23: 第46次工作會議紀錄列客委會100萬元上限、勞動部305.629萬元上限、經濟部140萬元。 | Q23: 第46次工作會議；https://gdd.hsinchu.gov.tw/News_Content.aspx?n=1212&s=267784&sms=9499
A24: 114 | C24: 新竹縣五峰鄉地方創生計畫 | D24: 五峰鄉 | E24: 多元徵件/會報工作會議 | F24: 第51次工作會議 | G24: 五峰鄉公所/地方團隊 | H24: 通過會報 | I24: 7343000 | J24: 0 | K24: 2186000 | L24: 10030000 | M24: 會報補助734.3萬元；提案書總經費1003萬元 | N24: 是 | O24: 是 | P24: 第51次會報補助合計734.3萬元；本機提案書列中央784.4萬元、民投218.6萬元、總經費1003萬元。 | Q24: 國發會第51次通過頁；本機五峰提案書；https://www.ndc.gov.tw/nc_14813_39519
A25: 115 | C25: 森林循環湖口創生 | D25: 湖口鄉 | E25: 青年培力工作站 | F25: 115年度高階組 | G25: 森林循環碳經濟創生有限公司 | H25: 核定 | I25: 3000000 | J25: 0 | K25: 0 | L25: 3000000 | M25: 核定經費；高階組300萬元 | N25: 是 | O25: 是 | P25: 115年度新竹縣輔導案正確名單列培力工作站高階；本機資料庫列核定經費300萬元。 | Q25: /Users/junghanchiu/2026 Data base/專案庫/北部辦公室/專案-115年度新竹縣地方創生輔導案.md；/Users/junghanchiu/2026 Data base/知識庫/地方創生資料庫/地創團隊/地創團隊完整資料庫.csv
A26: 115 | C26: 鹿寮坑細路青培工作站 | D26: 芎林鄉 | E26: 青年培力工作站 | F26: 115年度高階組 | G26: 石竹創意工作室有限公司 | H26: 核定 | I26: 3000000 | J26: 0 | K26: 0 | L26: 3000000 | M26: 核定經費；高階組300萬元 | N26: 是 | O26: 是 | P26: 115年度新竹縣輔導案正確名單列培力工作站高階；本機資料庫列核定經費300萬元。 | Q26: /Users/junghanchiu/2026 Data base/專案庫/北部辦公室/專案-115年度新竹縣地方創生輔導案.md；/Users/junghanchiu/2026 Data base/知識庫/地方創生資料庫/地創團隊/地創團隊完整資料庫.csv
A27: 115 | C27: 釀味漬灶所 | D27: 橫山鄉 | E27: 利他行動168 | F27: 115年度利他行動168 | G27: 土者土者女子工作室 | H27: 入選/獎勵 | I27: 680000 | J27: 0 | K27: 0 | L27: 680000 | M27: 制度最高獎勵金68萬元；公開名單未逐案列實支 | N27: 是 | O27: 否 | P27: 115年度正確名單列利他行動168；公開制度為最高提供68萬元。 | Q27: /Users/junghanchiu/2026 Data base/專案庫/北部辦公室/專案-115年度新竹縣地方創生輔導案.md
A28: 115 | C28: 糖米青銀新城樂Q誌 | D28: 寶山鄉 | E28: 利他行動168 | F28: 115年度利他行動168 | G28: 樂山米食工作室 | H28: 入選/獎勵 | I28: 680000 | J28: 0 | K28: 0 | L28: 680000 | M28: 制度最高獎勵金68萬元；公開名單未逐案列實支 | N28: 是 | O28: 否 | P28: 115年度正確名單列利他行動168；公開制度為最高提供68萬元。 | Q28: /Users/junghanchiu/2026 Data base/專案庫/北部辦公室/專案-115年度新竹縣地方創生輔導案.md
A29: 115 | C29: 好運村數位社區事務所 | D29: 新埔鎮 | E29: 獎勵青年投入地方創生 | F29: 115年度青年行動計畫 | G29: 青年團隊 | H29: 入選/獎勵 | I29: 350000 | J29: 0 | K29: 0 | L29: 350000 | M29: 制度獎勵金；115年度沿用每案35萬元口徑 | N29: 是 | O29: 是 | P29: 115年度新竹縣輔導案正確名單列獎勵青年投入。 | Q29: /Users/junghanchiu/2026 Data base/專案庫/北部辦公室/專案-115年度新竹縣地方創生輔導案.md
A30: 115 | C30: 打粄橫好客語共創繪 | D30: 橫山鄉 | E30: 獎勵青年投入地方創生 | F30: 115年度青年行動計畫 | G30: 青年團隊 | H30: 入選/獎勵 | I30: 350000 | J30: 0 | K30: 0 | L30: 350000 | M30: 制度獎勵金；115年度沿用每案35萬元口徑 | N30: 是 | O30: 是 | P30: 115年度新竹縣輔導案正確名單列獎勵青年投入。 | Q30: /Users/junghanchiu/2026 Data base/專案庫/北部辦公室/專案-115年度新竹縣地方創生輔導案.md
A31: 115 | C31: 林林后循環木藝創生 | D31: 北埔鄉 | E31: 獎勵青年投入地方創生 | F31: 115年度青年行動計畫 | G31: 青年團隊 | H31: 入選/獎勵 | I31: 350000 | J31: 0 | K31: 0 | L31: 350000 | M31: 制度獎勵金；115年度沿用每案35萬元口徑 | N31: 是 | O31: 是 | P31: 115年度新竹縣輔導案正確名單列獎勵青年投入。 | Q31: /Users/junghanchiu/2026 Data base/專案庫/北部辦公室/專案-115年度新竹縣地方創生輔導案.md
A32: 115 | C32: 平論文地方創生計畫 | D32: 尖石鄉 | E32: 鄉鎮公所提案 | F32: 第55次工作會議 | G32: 尖石鄉公所 | H32: 通過會報 | I32: 16543245 | J32: 741751 | K32: 380000 | L32: 17664996 | M32: 本機提案書經費需求；公開頁未列補助金額 | N32: 是 | O32: 否 | P32: 1150318提案書列總經費1766.4996萬元、補助1654.3245萬元、地方自籌74.1751萬元、民投38萬元。 | Q32: 國發會第55次通過頁；本機尖石提案書；https://www.ndc.gov.tw/nc_14813_40035

Sheet 類型統計
A1: 計畫類型 | B1: 案件數 | C1: 有效案件數 | D1: 補助/獎勵金額合計 | E1: 提案/核定總經費合計 | F1: 備註
A2: 公有空間活化 | B2: =COUNTIF(全量案件明細!E:E,A2) -> 2 | C2: =COUNTIFS(全量案件明細!E:E,A2,全量案件明細!N:N,"是") -> 1 | D2: =SUMIFS(全量案件明細!I:I,全量案件明細!E:E,A2,全量案件明細!N:N,"是") -> 3035660 | E2: =SUMIFS(全量案件明細!L:L,全量案件明細!E:E,A2,全量案件明細!N:N,"是") -> 3035660 | F2: 有效統計排除撤案
A3: 利他行動168 | B3: =COUNTIF(全量案件明細!E:E,A3) -> 2 | C3: =COUNTIFS(全量案件明細!E:E,A3,全量案件明細!N:N,"是") -> 2 | D3: =SUMIFS(全量案件明細!I:I,全量案件明細!E:E,A3,全量案件明細!N:N,"是") -> 1360000 | E3: =SUMIFS(全量案件明細!L:L,全量案件明細!E:E,A3,全量案件明細!N:N,"是") -> 1360000 | F3: 金額採制度最高68萬元，上限估算
A4: 多元徵件/會報工作會議 | B4: =COUNTIF(全量案件明細!E:E,A4) -> 2 | C4: =COUNTIFS(全量案件明細!E:E,A4,全量案件明細!N:N,"是") -> 2 | D4: =SUMIFS(全量案件明細!I:I,全量案件明細!E:E,A4,全量案件明細!N:N,"是") -> 12799290 | E4: =SUMIFS(全量案件明細!L:L,全量案件明細!E:E,A4,全量案件明細!N:N,"是") -> 15486290
A5: 獎勵青年投入地方創生 | B5: =COUNTIF(全量案件明細!E:E,A5) -> 11 | C5: =COUNTIFS(全量案件明細!E:E,A5,全量案件明細!N:N,"是") -> 11 | D5: =SUMIFS(全量案件明細!I:I,全量案件明細!E:E,A5,全量案件明細!N:N,"是") -> 3650000 | E5: =SUMIFS(全量案件明細!L:L,全量案件明細!E:E,A5,全量案件明細!N:N,"是") -> 3650000
A6: 鄉鎮公所提案 | B6: =COUNTIF(全量案件明細!E:E,A6) -> 3 | C6: =COUNTIFS(全量案件明細!E:E,A6,全量案件明細!N:N,"是") -> 3 | D6: =SUMIFS(全量案件明細!I:I,全量案件明細!E:E,A6,全量案件明細!N:N,"是") -> 90611245 | E6: =SUMIFS(全量案件明細!L:L,全量案件明細!E:E,A6,全量案件明細!N:N,"是") -> 135924996
A7: 青年培力工作站 | B7: =COUNTIF(全量案件明細!E:E,A7) -> 11 | C7: =COUNTIFS(全量案件明細!E:E,A7,全量案件明細!N:N,"是") -> 11 | D7: =SUMIFS(全量案件明細!I:I,全量案件明細!E:E,A7,全量案件明細!N:N,"是") -> 33000000 | E7: =SUMIFS(全量案件明細!L:L,全量案件明細!E:E,A7,全量案件明細!N:N,"是") -> 33000000

Sheet 鄉鎮統計
A1: 鄉鎮 | B1: 案件數 | C1: 有效案件數 | D1: 補助/獎勵金額合計 | E1: 提案/核定總經費合計
A2: 五峰鄉 | B2: =COUNTIF(全量案件明細!D:D,A2) -> 1 | C2: =COUNTIFS(全量案件明細!D:D,A2,全量案件明細!N:N,"是") -> 1 | D2: =SUMIFS(全量案件明細!I:I,全量案件明細!D:D,A2,全量案件明細!N:N,"是") -> 7343000 | E2: =SUMIFS(全量案件明細!L:L,全量案件明細!D:D,A2,全量案件明細!N:N,"是") -> 10030000
A3: 北埔鄉 | B3: =COUNTIF(全量案件明細!D:D,A3) -> 1 | C3: =COUNTIFS(全量案件明細!D:D,A3,全量案件明細!N:N,"是") -> 1 | D3: =SUMIFS(全量案件明細!I:I,全量案件明細!D:D,A3,全量案件明細!N:N,"是") -> 350000 | E3: =SUMIFS(全量案件明細!L:L,全量案件明細!D:D,A3,全量案件明細!N:N,"是") -> 350000
A4: 寶山鄉 | B4: =COUNTIF(全量案件明細!D:D,A4) -> 2 | C4: =COUNTIFS(全量案件明細!D:D,A4,全量案件明細!N:N,"是") -> 2 | D4: =SUMIFS(全量案件明細!I:I,全量案件明細!D:D,A4,全量案件明細!N:N,"是") -> 6540000 | E4: =SUMIFS(全量案件明細!L:L,全量案件明細!D:D,A4,全量案件明細!N:N,"是") -> 9540000
A5: 尖石鄉 | B5: =COUNTIF(全量案件明細!D:D,A5) -> 1 | C5: =COUNTIFS(全量案件明細!D:D,A5,全量案件明細!N:N,"是") -> 1 | D5: =SUMIFS(全量案件明細!I:I,全量案件明細!D:D,A5,全量案件明細!N:N,"是") -> 16543245 | E5: =SUMIFS(全量案件明細!L:L,全量案件明細!D:D,A5,全量案件明細!N:N,"是") -> 17664996
A6: 峨眉鄉 | B6: =COUNTIF(全量案件明細!D:D,A6) -> 3 | C6: =COUNTIFS(全量案件明細!D:D,A6,全量案件明細!N:N,"是") -> 3 | D6: =SUMIFS(全量案件明細!I:I,全量案件明細!D:D,A6,全量案件明細!N:N,"是") -> 76664290 | E6: =SUMIFS(全量案件明細!L:L,全量案件明細!D:D,A6,全量案件明細!N:N,"是") -> 117856290
A7: 新埔鎮 | B7: =COUNTIF(全量案件明細!D:D,A7) -> 3 | C7: =COUNTIFS(全量案件明細!D:D,A7,全量案件明細!N:N,"是") -> 3 | D7: =SUMIFS(全量案件明細!I:I,全量案件明細!D:D,A7,全量案件明細!N:N,"是") -> 3700000 | E7: =SUMIFS(全量案件明細!L:L,全量案件明細!D:D,A7,全量案件明細!N:N,"是") -> 3700000
A8: 新豐鄉 | B8: =COUNTIF(全量案件明細!D:D,A8) -> 1 | C8: =COUNTIFS(全量案件明細!D:D,A8,全量案件明細!N:N,"是") -> 1 | D8: =SUMIFS(全量案件明細!I:I,全量案件明細!D:D,A8,全量案件明細!N:N,"是") -> 3035660 | E8: =SUMIFS(全量案件明細!L:L,全量案件明細!D:D,A8,全量案件明細!N:N,"是") -> 3035660
A9: 橫山鄉 | B9: =COUNTIF(全量案件明細!D:D,A9) -> 5 | C9: =COUNTIFS(全量案件明細!D:D,A9,全量案件明細!N:N,"是") -> 5 | D9: =SUMIFS(全量案件明細!I:I,全量案件明細!D:D,A9,全量案件明細!N:N,"是") -> 4680000 | E9: =SUMIFS(全量案件明細!L:L,全量案件明細!D:D,A9,全量案件明細!N:N,"是") -> 4680000
A10: 湖口鄉 | B10: =COUNTIF(全量案件明細!D:D,A10) -> 3 | C10: =COUNTIFS(全量案件明細!D:D,A10,全量案件明細!N:N,"是") -> 3 | D10: =SUMIFS(全量案件明細!I:I,全量案件明細!D:D,A10,全量案件明細!N:N,"是") -> 9000000 | E10: =SUMIFS(全量案件明細!L:L,全量案件明細!D:D,A10,全量案件明細!N:N,"是") -> 9000000
A11: 竹北市 | B11: =COUNTIF(全量案件明細!D:D,A11) -> 3 | C11: =COUNTIFS(全量案件明細!D:D,A11,全量案件明細!N:N,"是") -> 2 | D11: =SUMIFS(全量案件明細!I:I,全量案件明細!D:D,A11,全量案件明細!N:N,"是") -> 650000 | E11: =SUMIFS(全量案件明細!L:L,全量案件明細!D:D,A11,全量案件明細!N:N,"是") -> 650000
A12: 竹東鎮 | B12: =COUNTIF(全量案件明細!D:D,A12) -> 1 | C12: =COUNTIFS(全量案件明細!D:D,A12,全量案件明細!N:N,"是") -> 1 | D12: =SUMIFS(全量案件明細!I:I,全量案件明細!D:D,A12,全量案件明細!N:N,"是") -> 300000 | E12: =SUMIFS(全量案件明細!L:L,全量案件明細!D:D,A12,全量案件明細!N:N,"是") -> 300000
A13: 芎林鄉 | B13: =COUNTIF(全量案件明細!D:D,A13) -> 5 | C13: =COUNTIFS(全量案件明細!D:D,A13,全量案件明細!N:N,"是") -> 5 | D13: =SUMIFS(全量案件明細!I:I,全量案件明細!D:D,A13,全量案件明細!N:N,"是") -> 9650000 | E13: =SUMIFS(全量案件明細!L:L,全量案件明細!D:D,A13,全量案件明細!N:N,"是") -> 9650000
A14: 關西鎮 | B14: =COUNTIF(全量案件明細!D:D,A14) -> 2 | C14: =COUNTIFS(全量案件明細!D:D,A14,全量案件明細!N:N,"是") -> 2 | D14: =SUMIFS(全量案件明細!I:I,全量案件明細!D:D,A14,全量案件明細!N:N,"是") -> 6000000 | E14: =SUMIFS(全量案件明細!L:L,全量案件明細!D:D,A14,全量案件明細!N:N,"是") -> 6000000

Sheet 年度統計
A1: 年度 | B1: 案件數 | C1: 有效案件數 | D1: 補助/獎勵金額合計 | E1: 提案/核定總經費合計
A2: 109 | B2: =COUNTIF(全量案件明細!A:A,A2) -> 2 | C2: =COUNTIFS(全量案件明細!A:A,A2,全量案件明細!N:N,"是") -> 2 | D2: =SUMIFS(全量案件明細!I:I,全量案件明細!A:A,A2,全量案件明細!N:N,"是") -> 74068000 | E2: =SUMIFS(全量案件明細!L:L,全量案件明細!A:A,A2,全量案件明細!N:N,"是") -> 118260000
A3: 110 | B3: =COUNTIF(全量案件明細!A:A,A3) -> 4 | C3: =COUNTIFS(全量案件明細!A:A,A3,全量案件明細!N:N,"是") -> 4 | D3: =SUMIFS(全量案件明細!I:I,全量案件明細!A:A,A3,全量案件明細!N:N,"是") -> 12035660 | E3: =SUMIFS(全量案件明細!L:L,全量案件明細!A:A,A3,全量案件明細!N:N,"是") -> 12035660
A4: 112 | B4: =COUNTIF(全量案件明細!A:A,A4) -> 5 | C4: =COUNTIFS(全量案件明細!A:A,A4,全量案件明細!N:N,"是") -> 4 | D4: =SUMIFS(全量案件明細!I:I,全量案件明細!A:A,A4,全量案件明細!N:N,"是") -> 1200000 | E4: =SUMIFS(全量案件明細!L:L,全量案件明細!A:A,A4,全量案件明細!N:N,"是") -> 1200000
A5: 113 | B5: =COUNTIF(全量案件明細!A:A,A5) -> 7 | C5: =COUNTIFS(全量案件明細!A:A,A5,全量案件明細!N:N,"是") -> 7 | D5: =SUMIFS(全量案件明細!I:I,全量案件明細!A:A,A5,全量案件明細!N:N,"是") -> 13050000 | E5: =SUMIFS(全量案件明細!L:L,全量案件明細!A:A,A5,全量案件明細!N:N,"是") -> 13050000
A6: 114 | B6: =COUNTIF(全量案件明細!A:A,A6) -> 5 | C6: =COUNTIFS(全量案件明細!A:A,A6,全量案件明細!N:N,"是") -> 5 | D6: =SUMIFS(全量案件明細!I:I,全量案件明細!A:A,A6,全量案件明細!N:N,"是") -> 19149290 | E6: =SUMIFS(全量案件明細!L:L,全量案件明細!A:A,A6,全量案件明細!N:N,"是") -> 21836290
A7: 115 | B7: =COUNTIF(全量案件明細!A:A,A7) -> 8 | C7: =COUNTIFS(全量案件明細!A:A,A7,全量案件明細!N:N,"是") -> 8 | D7: =SUMIFS(全量案件明細!I:I,全量案件明細!A:A,A7,全量案件明細!N:N,"是") -> 24953245 | E7: =SUMIFS(全量案件明細!L:L,全量案件明細!A:A,A7,全量案件明細!N:N,"是") -> 26074996

Sheet 資料口徑與來源
A1: 項目 | B1: 本表處理方式 | C1: 影響 | D1: 後續查核建議
A2: 全量定義 | B2: 納入新竹縣已通過、入選或核定之地方創生相關案件，含青培站、青年獎勵、利他168、公有空間、鄉鎮提案、多元徵件/會報案。 | C2: 不再只限鄉鎮公所提案與多元徵件。 | D2: 若要做到審計等級，需逐年度下載國發會PDF核定名單逐筆比對。
A3: 年度重複/延續 | B3: 同團隊跨年度重新核定或延續補助者，以年度獨立案件計算。 | C3: 青培站數量會高於團隊數。 | D3: 可另製團隊主體去重表。
A4: 撤案 | B4: 竹現靚行式．NeWow藝聚場列入全量案件，但不納入有效統計。 | C4: 全量與有效統計會相差1件。 | D4: 若只做『曾獲核定』可納入；若做『有效執行』應排除。
A5: 利他168 | B5: 公開口徑為最高提供68萬元，本表以68萬元作上限估算，嚴格核定統計排除。 | C5: 有效金額合計會包含估算值。 | D5: 需查國發會或承辦單位核定函確認實支。
A6: 平論文案 | B6: 公開國發會頁未列金額，本表採本機1150318提案書經費需求。 | C6: 嚴格核定統計排除，但有效總經費納入。 | D6: 需補第55次會議紀錄或各部會核定函。
A7: 峨眉主案年度 | B7: 使用公開資料年度109，並註記原表列112。 | C7: 避免把案例年度與會報年度混淆。 | D7: 後續報告可另設『案例地圖年度』欄。
A8: 大山橙黃橘綠時行政區 | B8: API曾列北埔，依大山背場域修正為橫山鄉。 | C8: 鄉鎮統計採橫山。 | D8: 正式送件前用官方核定PDF再確認。
A9: 金額單位 | B9: 全表以新台幣元計算，摘要可自行除以10,000轉為萬元。 | C9: 避免小數與四捨五入誤差。
A10: 資料來源 | B10: 混合使用國發會/縣府公開資料、本機地創團隊資料庫、本機115年度新竹縣輔導案筆記與提案書。 | C10: 來源欄逐案列示。 | D10: 建議後續建立官方PDF附件索引。
